{
    "anchorpoints": [],
    "portpins": [
        {
            "name": "1",
            "position": [
                0.0,
                -20.0,
                6.109100000000001
            ],
            "rotation": [
                0.0,
                0.0,
                1.0,
                1.0,
                0.0,
                0.0,
                0.0,
                1.0,
                0.0
            ]
        },
        {
            "name": "2",
            "position": [
                0.0,
                20.0,
                6.109100000000001
            ],
            "rotation": [
                0.0,
                0.0,
                -1.0,
                1.0,
                -0.0,
                0.0,
                -0.0,
                -1.0,
                -0.0
            ]
        }
    ],
    "version": 6
}